id,dataType,username,title,communityName,body,url,createdAt,product,source
t3_1s3fo44,post,nightbloomethh,WH-1000XM5-WHCH720N-WF1000XM5 are overhyped,r/Shark_Park,Sony headphones naming is terrible and products are overhyped.,https://www.reddit.com/r/Shark_Park/comments/1s3fo44/,2026-03-25T16:30:43.000Z,Sony WH-1000XM5,Reddit
t1_ocf7k9b,comment,OkFineIllUseTheApp,Reply: Sony overhyped,r/Shark_Park,It's not my fault Sony sucks at naming headphones.,https://www.reddit.com/r/Shark_Park/comments/1s3fo44/ocf7k9b/,2026-03-25T16:51:16.000Z,Sony WH-1000XM5,Reddit
t3_1uej4yj,post,Zealousideal_Top2186,Should I Buy the Sony XM5s for $198 or Save My Money?,r/SonyHeadphones,"I'm trying to decide if the Sony WH-1000XM5s are worth buying for $198. I'd mainly use them for working out, college, studying, and casual music listening. What I care about most is sound quality and bass. My hesitation is that I already own a pair of Soundcore Anker headphones that cost me around $60, and honestly they've been pretty good. I'm not sure if the XM5s are actually a huge upgrade.",https://www.reddit.com/r/SonyHeadphones/comments/1uej4yj/,2026-06-24T16:57:07.000Z,Sony WH-1000XM5,Reddit
t1_otk73v9,comment,TanishqHooda,Reply: Save cause hinge problem,r/SonyHeadphones,Save cause better then have it unhinged afterwords. Hinge Problem.,https://www.reddit.com/r/SonyHeadphones/comments/1uej4yj/otk73v9/,2026-06-24T17:05:36.000Z,Sony WH-1000XM5,Reddit
t1_otketaq,comment,bryeds78,"Reply: Get XM6, too many hinge breaking issues",r/SonyHeadphones,Get the xm6. Too many hinge breaking problems with the xm5.,https://www.reddit.com/r/SonyHeadphones/comments/1uej4yj/otketaq/,2026-06-24T17:39:22.000Z,Sony WH-1000XM5,Reddit
t1_otkd4e9,comment,PhotonDevastator,Reply: Watch out for hinges,r/SonyHeadphones,It's a great deal but just watch out for them hinges.,https://www.reddit.com/r/SonyHeadphones/comments/1uej4yj/otkd4e9/,2026-06-24T17:31:56.000Z,Sony WH-1000XM5,Reddit
t1_otklqqh,comment,CloudNine7,Reply: XM4s comparison - very robust,r/SonyHeadphones,"I've not tried the xm5s or xm6s but I've had my xm4s since release and they're pretty fucking good and very robust. Sounds great, they fit comfortably, the noise cancelling is decent, I use them everywhere travelling, when gaming and in the gym and they never let me down.",https://www.reddit.com/r/SonyHeadphones/comments/1uej4yj/otklqqh/,2026-06-24T18:10:00.000Z,Sony WH-1000XM5,Reddit
t3_195nz9k,post,ProfessionalEye3568,Slept through landing with Sony WH-1000XM5,r/delta,My flight was delayed last night from DC-NY. I boarded and basically fell asleep immediately with noise cancelling headphones on. I didn't wake up when the flight landed. The FA had to wake me up. For those asking about the headphones - Sony WH-1000XM5. ANC+some music and you're in your own world lol.,https://www.reddit.com/r/delta/comments/195nz9k/,2024-01-13T13:26:44.000Z,Sony WH-1000XM5,Reddit
t1_khny03n,comment,MrJust4Show,Reply: Great ANC experience,r/delta,"Are you kidding me? As long as I don't have a connector, I'd love to be woken up by the FA and miss the deplaning madness!! Bravo to you!!",https://www.reddit.com/r/delta/comments/195nz9k/khny03n/,2024-01-13T13:32:57.000Z,Sony WH-1000XM5,Reddit
t3_1uephbw,post,Charming-Life-9586,"XM6 Hinge test - Sony support sucks, refused to replace case",r/SonyHeadphones,"I have 2 month old XM6, purchased from Sony. The hinges have some side to side movement now. Sony support sucks, they refused to replace the messed up case they came with. How much play do your hinges have? I love the headphones nervous with the build.",https://www.reddit.com/r/SonyHeadphones/comments/1uephbw/,2026-06-24T20:47:37.000Z,Sony WH-1000XM5,Reddit
t3_1ueqxcr,post,HS_GS101,Connecting XM6 mic to PS5 - audio but no mic,r/SonyHeadphones,How do I connect my mic xm6 on the ps5 as I have the audio but no mic?,https://www.reddit.com/r/SonyHeadphones/comments/1ueqxcr/,2026-06-24T21:42:03.000Z,Sony WH-1000XM5,Reddit
t3_1uel5za,post,Perlin-Davenport,WH-1000XM6 Low Latency Airplane Transmitter - lip sync issue,r/SonyHeadphones,I used to have the MX3s and upgraded to the XM6. I use them on airplanes primarily. I would love to find a low latency transmitter. I had one of the airplane transmitters with the MX3 and there was a half second off with the lipsync. I had to return the transmitter. Any transmitters achieve low latency with the XM6?,https://www.reddit.com/r/SonyHeadphones/comments/1uel5za/,2026-06-24T18:10:06.000Z,Sony WH-1000XM5,Reddit
t1_otkp7q7,comment,BoinkDoinkKoink,Reply: Bluetooth latency codec issue with XM6,r/SonyHeadphones,"Even though the Sonys support LC3 / LE audio (low latency standard), most of the transmitters only support AptX's low latency standard, which is why I've been stuck with my airfly until I find something better.",https://www.reddit.com/r/SonyHeadphones/comments/1uel5za/otkp7q7/,2026-06-24T18:25:55.000Z,Sony WH-1000XM5,Reddit
t3_1ueo107,post,No_Tip_8740,Cleaning ANC microphones on XM6 - ANC degradation concern,r/SonyHeadphones,Will cleaning the mic bring the ANC to its peak condition (I am not sure if the strength of the ANC can degrade) and if so what is the best way to go about it? Gently blowing into them or maybe using compressed air?,https://www.reddit.com/r/SonyHeadphones/comments/1ueo107/,2026-06-24T19:53:11.000Z,Sony WH-1000XM5,Reddit
t3_1uejk5e,post,Beginning-Art-5900,Lossless audio on XM6 with 3.5mm jack and external DAC,r/SonyHeadphones,Does the Sony WH-1000XM6 support high res lossless audio when utilizing the included 3.5mm jack in conjunction with an external DAC?,https://www.reddit.com/r/SonyHeadphones/comments/1uejk5e/,2026-06-24T17:12:12.000Z,Sony WH-1000XM5,Reddit
